label,confidence,p_neg,p_neu,p_pos
positive,0.36061826,0.28338742,0.35599437,0.36061826
positive,0.37985334,0.2714468,0.34869987,0.37985334
positive,0.3977509,0.27337632,0.32887274,0.3977509
positive,0.3806489,0.26493332,0.35441786,0.3806489
